chr   ,var                                           ,correct ,geno ,support ,barcode
chr1  ,"chr1_108930299_._T_G,chr1_108930191_._T_C"   ,      0 ,  00 ,      4 ,      1
chr1  ,"chr1_111243390_._T_A,chr1_111241360_._C_A,T" ,      0 ,  01 ,      7 ,      1
chr1  ,"chr1_156137743_._C_T,chr1_175161068_._G_A"   ,      0 ,  01 ,      8 ,      2
chr1  ,"chr1_161713346_._G_A,chr1_175161068_._G_A"   ,      0 ,  00 ,      8 ,      2
chr1  ,"chr1_175161068_._G_A,chr1_66985919_._A_C"    ,      0 ,  01 ,      4 ,      1
chr1  ,"chr1_19623568_._T_C,chr1_11820711_._A_G"     ,      0 ,  11 ,      4 ,      1
chr1  ,"chr1_19623568_._T_C,chr1_175161068_._G_A"    ,      0 ,  11 ,     44 ,     10
chr1  ,"chr1_205351341_._G_A,chr1_205351242_._A_G"   ,      0 ,  00 ,      8 ,      2
chr1  ,"chr1_206914090_._C_T,chr1_26170160_._T_C"    ,      0 ,  10 ,      4 ,      1
chr1  ,"chr1_28242465_._C_T,chr1_28242638_._C_G"     ,      0 ,  10 ,      4 ,      1
chr1  ,"chr1_28242465_._C_T,chr1_28242653_._G_A"     ,      0 ,  10 ,      4 ,      1
chr1  ,"chr1_39753608_._T_C,chr1_39753393_._C_T"     ,      0 ,  10 ,      4 ,      1
chr1  ,"chr1_9271185_._T_C,chr1_9268027_._G_A"       ,      0 ,  00 ,      4 ,      1
chr1  ,"chr1_9271218_._G_T,chr1_9268027_._G_A"       ,      0 ,  00 ,      4 ,      1
chr2  ,"chr2_12454736_._G_A,chr2_12454817_._C_T"     ,      0 ,  00 ,      3 ,      1
chr2  ,"chr2_126678165_._T_A,chr2_126678274_._A_G"   ,      0 ,  10 ,      3 ,      1
chr2  ,"chr2_143285852_._A_G,chr2_277250_._G_A"      ,      0 ,  00 ,      3 ,      1
chr2  ,"chr2_149569848_._T_C,chr2_200329556_._C_A"   ,      0 ,  01 ,      6 ,      2
chr2  ,"chr2_149569848_._T_C,chr2_201141373_._G_A"   ,      0 ,  00 ,      3 ,      1
chr2  ,"chr2_149569848_._T_C,chr2_230212961_._G_A"   ,      0 ,  10 ,     12 ,      4
chr2  ,"chr2_149569848_._T_C,chr2_68395820_._G_C"    ,      0 ,  00 ,     36 ,     11
chr2  ,"chr2_149569848_._T_C,chr2_85326661_._C_T"    ,      0 ,  01 ,      6 ,      2
chr2  ,"chr2_156510046_._G_C,chr2_68395820_._G_C"    ,      0 ,  10 ,      3 ,      1
chr2  ,"chr2_168638889_._T_G,chr2_74969604_._A_G"    ,      0 ,  01 ,      4 ,      1
chr2  ,"chr2_196139715_._A_G,chr2_149569848_._T_C"   ,      0 ,  00 ,      3 ,      1
chr2  ,"chr2_196139715_._A_G,chr2_241266896_._C_T"   ,      0 ,  00 ,      3 ,      1
chr2  ,"chr2_196139715_._A_G,chr2_68380815_._G_T"    ,      0 ,  00 ,      3 ,      1
chr2  ,"chr2_196139715_._A_G,chr2_85596916_._G_A"    ,      0 ,  01 ,      3 ,      1
chr2  ,"chr2_196139715_._A_G,chr2_96208677_._C_A"    ,      0 ,  01 ,      3 ,      1
chr2  ,"chr2_201154371_._C_G,chr2_68395820_._G_C"    ,      0 ,  10 ,      6 ,      2
chr2  ,"chr2_218273486_._T_A,chr2_218273483_._T_A"   ,      0 ,  00 ,      3 ,      1
chr2  ,"chr2_223757146_._T_C,chr2_223757170_._T_C"   ,      0 ,  11 ,      3 ,      1
chr2  ,"chr2_223967419_._C_G,chr2_223967444_._G_A"   ,      0 ,  10 ,      8 ,      1
chr2  ,"chr2_227195667_._A_G,chr2_227195654_._C_G"   ,      0 ,  01 ,      3 ,      1
chr2  ,"chr2_227195667_._A_G,chr2_227195697_._A_G"   ,      0 ,  01 ,      3 ,      1
chr2  ,"chr2_230212395_._C_T,chr2_230213010_._A_G"   ,      0 ,  01 ,      9 ,      3
chr2  ,"chr2_230213010_._A_G,chr2_149569848_._T_C"   ,      0 ,  01 ,      9 ,      3
chr2  ,"chr2_230213010_._A_G,chr2_74969604_._A_G"    ,      0 ,  00 ,      7 ,      2
chr2  ,"chr2_231708591_._C_T,chr2_85581614_._A_G"    ,      0 ,  01 ,     16 ,      4
chr2  ,"chr2_231708591_._C_T,chr2_85581859_._T_C"    ,      0 ,  10 ,     44 ,     14
chr2  ,"chr2_233167788_._A_G,chr2_68395820_._G_C"    ,      0 ,  10 ,      9 ,      3
chr2  ,"chr2_233167788_._A_G,chr2_85326661_._C_T"    ,      0 ,  11 ,      3 ,      1
chr2  ,"chr2_237994757_._G_A,chr2_85596916_._G_A"    ,      0 ,  11 ,      3 ,      1
chr2  ,"chr2_237994757_._G_A,chr2_96208677_._C_A"    ,      0 ,  11 ,      3 ,      1
chr2  ,"chr2_241112362_._G_A,chr2_68380815_._G_T"    ,      0 ,  01 ,      6 ,      2
chr2  ,"chr2_241112362_._G_A,chr2_74969604_._A_G"    ,      0 ,  00 ,      3 ,      1
chr2  ,"chr2_241266896_._C_T,chr2_237994757_._G_A"   ,      0 ,  01 ,      3 ,      1
chr2  ,"chr2_241266896_._C_T,chr2_240560414_._A_T"   ,      0 ,  01 ,      3 ,      1
chr2  ,"chr2_241266896_._C_T,chr2_61537939_._G_A"    ,      0 ,  00 ,      5 ,      1
chr2  ,"chr2_241266896_._C_T,chr2_68395820_._G_C"    ,      0 ,  00 ,      5 ,      1
chr2  ,"chr2_241322464_._G_A,chr2_241322449_._A_T"   ,      0 ,  01 ,      6 ,      2
chr2  ,"chr2_241495394_._G_T,chr2_241495187_._A_G"   ,      0 ,  00 ,      3 ,      1
chr2  ,"chr2_25423452_._A_G,chr2_68395820_._G_C"     ,      0 ,  10 ,      8 ,      2
chr2  ,"chr2_25428004_._C_T,chr2_68395820_._G_C"     ,      0 ,  00 ,      3 ,      1
chr2  ,"chr2_27199737_._C_T,chr2_75655530_._G_A"     ,      0 ,  00 ,     39 ,     10
chr2  ,"chr2_277250_._G_A,chr2_201141373_._G_A"      ,      0 ,  00 ,      4 ,      1
chr2  ,"chr2_277250_._G_A,chr2_230212961_._G_A"      ,      0 ,  10 ,     17 ,      5
chr2  ,"chr2_277250_._G_A,chr2_230213010_._A_G"      ,      0 ,  10 ,     12 ,      3
chr2  ,"chr2_277250_._G_A,chr2_68395820_._G_C"       ,      0 ,  00 ,     61 ,     18
chr2  ,"chr2_277250_._G_A,chr2_68396142_._T_C"       ,      0 ,  00 ,      3 ,      1
chr2  ,"chr2_277250_._G_A,chr2_71077608_._G_A"       ,      0 ,  10 ,     16 ,      5
chr2  ,"chr2_277250_._G_A,chr2_85326661_._C_T"       ,      0 ,  01 ,     12 ,      4
chr2  ,"chr2_32310649_._G_C,chr2_68395820_._G_C"     ,      0 ,  10 ,      3 ,      1
chr2  ,"chr2_33511757_._A_G,chr2_85596916_._G_A"     ,      0 ,  11 ,      3 ,      1
chr2  ,"chr2_37236477_._G_T,chr2_37236499_._A_G"     ,      0 ,  01 ,      3 ,      1
chr2  ,"chr2_47032627_._A_G,chr2_47032508_._A_G"     ,      0 ,  01 ,      9 ,      3
chr2  ,"chr2_61420766_._A_G,chr2_230212961_._G_A"    ,      0 ,  10 ,      3 ,      1
chr2  ,"chr2_61420766_._A_G,chr2_68395820_._G_C"     ,      0 ,  00 ,     25 ,      8
chr2  ,"chr2_61420766_._A_G,chr2_68396138_._C_T"     ,      0 ,  00 ,      3 ,      1
chr2  ,"chr2_61420766_._A_G,chr2_69904659_._T_A"     ,      0 ,  10 ,      4 ,      1
chr2  ,"chr2_61420766_._A_G,chr2_71077608_._G_A"     ,      0 ,  10 ,     12 ,      4
chr2  ,"chr2_61537939_._G_A,chr2_96208677_._C_A"     ,      0 ,  01 ,      4 ,      1
chr2  ,"chr2_68380815_._G_T,chr2_197497294_._T_C"    ,      0 ,  11 ,      7 ,      2
chr2  ,"chr2_68380815_._G_T,chr2_237994757_._G_A"    ,      0 ,  01 ,      3 ,      1
chr2  ,"chr2_68380815_._G_T,chr2_240560414_._A_T"    ,      0 ,  01 ,      3 ,      1
chr2  ,"chr2_68380815_._G_T,chr2_42767331_._G_T"     ,      0 ,  10 ,      3 ,      1
chr2  ,"chr2_68380815_._G_T,chr2_61537939_._G_A"     ,      0 ,  00 ,      3 ,      1
chr2  ,"chr2_68380815_._G_T,chr2_68395820_._G_C"     ,      0 ,  00 ,     19 ,      6
chr2  ,"chr2_68380815_._G_T,chr2_73958749_._A_T"     ,      0 ,  01 ,     30 ,      9
chr2  ,"chr2_68380815_._G_T,chr2_85596916_._G_A"     ,      0 ,  11 ,     18 ,      5
chr2  ,"chr2_68386578_._G_A,chr2_68395820_._G_C"     ,      0 ,  10 ,      3 ,      1
chr2  ,"chr2_68395820_._G_C,chr2_74969604_._A_G"     ,      0 ,  01 ,     40 ,     12
chr2  ,"chr2_68395820_._G_C,chr2_96208677_._C_A"     ,      0 ,  01 ,      4 ,      1
chr2  ,"chr2_68396138_._C_T,chr2_277250_._G_A"       ,      0 ,  00 ,      9 ,      3
chr2  ,"chr2_68396138_._C_T,chr2_74969604_._A_G"     ,      0 ,  01 ,      3 ,      1
chr2  ,"chr2_68396142_._T_C,chr2_68395820_._G_C"     ,      0 ,  10 ,      3 ,      1
chr2  ,"chr2_68396142_._T_C,chr2_74969604_._A_G"     ,      0 ,  01 ,      3 ,      1
chr2  ,"chr2_68397128_._G_A,chr2_73958749_._A_T"     ,      0 ,  00 ,     57 ,     18
chr2  ,"chr2_69788699_._G_A,chr2_69788649_._A_G"     ,      0 ,  01 ,      3 ,      1
chr2  ,"chr2_69904659_._T_A,chr2_149569848_._T_C"    ,      0 ,  10 ,     10 ,      3
chr2  ,"chr2_69904659_._T_A,chr2_277250_._G_A"       ,      0 ,  01 ,      9 ,      3
chr2  ,"chr2_69904659_._T_A,chr2_74969604_._A_G"     ,      0 ,  11 ,     11 ,      3
chr2  ,"chr2_69904659_._T_A,chr2_85596916_._G_A"     ,      0 ,  11 ,     23 ,      7
chr2  ,"chr2_71077608_._G_A,chr2_149569848_._T_C"    ,      0 ,  10 ,     21 ,      7
chr2  ,"chr2_71077608_._G_A,chr2_74969604_._A_G"     ,      0 ,  00 ,     38 ,     11
chr2  ,"chr2_74969604_._A_G,chr2_230212961_._G_A"    ,      0 ,  00 ,     10 ,      3
chr2  ,"chr2_74969604_._A_G,chr2_85326661_._C_T"     ,      0 ,  00 ,      3 ,      1
chr2  ,"chr2_75655273_._G_A,chr2_75655530_._G_A"     ,      0 ,  11 ,     21 ,      7
chr2  ,"chr2_75655530_._G_A,chr2_75655729_._A_G"     ,      0 ,  11 ,     12 ,      4
chr2  ,"chr2_75655729_._A_G,chr2_75655530_._G_A"     ,      0 ,  11 ,     12 ,      4
chr2  ,"chr2_85579143_._C_T,chr2_230213010_._A_G"    ,      0 ,  00 ,      3 ,      1
chr2  ,"chr2_85579143_._C_T,chr2_231708582_._T_C"    ,      0 ,  10 ,     14 ,      4
chr2  ,"chr2_85579143_._C_T,chr2_231708591_._C_T"    ,      0 ,  10 ,     12 ,      3
chr2  ,"chr2_85579143_._C_T,chr2_68395820_._G_C"     ,      0 ,  10 ,      5 ,      1
chr2  ,"chr2_85581614_._A_G,chr2_231708582_._T_C"    ,      0 ,  10 ,     15 ,      4
chr2  ,"chr2_85581614_._A_G,chr2_68395820_._G_C"     ,      0 ,  10 ,      8 ,      2
chr2  ,"chr2_85581614_._A_G,chr2_85581748_._C_T"     ,      0 ,  01 ,     10 ,      3
chr2  ,"chr2_85581614_._A_G,chr2_85581859_._T_C"     ,      0 ,  01 ,      9 ,      3
chr2  ,"chr2_85581748_._C_T,chr2_85581859_._T_C"     ,      0 ,  01 ,      3 ,      1
chr2  ,"chr2_85581859_._T_C,chr2_231708582_._T_C"    ,      0 ,  01 ,     32 ,     10
chr2  ,"chr2_85581859_._T_C,chr2_85581614_._A_G"     ,      0 ,  10 ,      9 ,      3
chr2  ,"chr2_85581859_._T_C,chr2_85581748_._C_T"     ,      0 ,  10 ,      3 ,      1
chr2  ,"chr2_85596916_._G_A,chr2_200329556_._C_A"    ,      0 ,  11 ,      6 ,      2
chr2  ,"chr2_85596916_._G_A,chr2_230212961_._G_A"    ,      0 ,  00 ,     20 ,      6
chr2  ,"chr2_85596916_._G_A,chr2_230213010_._A_G"    ,      0 ,  00 ,     20 ,      6
chr2  ,"chr2_85596916_._G_A,chr2_240560414_._A_T"    ,      0 ,  11 ,      3 ,      1
chr2  ,"chr2_85596916_._G_A,chr2_61537939_._G_A"     ,      0 ,  10 ,      5 ,      1
chr2  ,"chr2_85596916_._G_A,chr2_68395820_._G_C"     ,      0 ,  10 ,     52 ,     16
chr2  ,"chr2_85596916_._G_A,chr2_71077608_._G_A"     ,      0 ,  00 ,     30 ,     10
chr2  ,"chr2_85596916_._G_A,chr2_85326661_._C_T"     ,      0 ,  00 ,     12 ,      4
chr2  ,"chr2_96208677_._C_A,chr2_240560414_._A_T"    ,      0 ,  11 ,      3 ,      1
chr3  ,"chr3_113503189_._G_A,chr3_172145975_._C_T"   ,      0 ,  00 ,      3 ,      1
chr3  ,"chr3_121631604_._A_C,chr3_121631769_._G_T"   ,      0 ,  10 ,     10 ,      3
chr3  ,"chr3_121631736_._C_T,chr3_121631604_._A_C"   ,      0 ,  11 ,      3 ,      1
chr3  ,"chr3_121631769_._G_T,chr3_121631604_._A_C"   ,      0 ,  01 ,     10 ,      3
chr3  ,"chr3_121632491_._C_T,chr3_156542456_._G_A"   ,      0 ,  01 ,      4 ,      1
chr3  ,"chr3_121632491_._C_T,chr3_98901528_._G_A"    ,      0 ,  00 ,      3 ,      1
chr3  ,"chr3_14944928_._T_C,chr3_67442498_._C_T"     ,      0 ,  10 ,      3 ,      1
chr3  ,"chr3_156541696_._G_A,chr3_156541559_._G_A"   ,      0 ,  01 ,      3 ,      1
chr3  ,"chr3_158379480_._A_G,chr3_171369680_._G_A"   ,      0 ,  01 ,      4 ,      1
chr3  ,"chr3_168010266_._C_T,chr3_88058839_._G_C"    ,      0 ,  10 ,      3 ,      1
chr3  ,"chr3_171369680_._G_A,chr3_172145975_._C_T"   ,      0 ,  00 ,      4 ,      1
chr3  ,"chr3_191228781_._A_G,chr3_171460229_._T_G"   ,      0 ,  00 ,      4 ,      1
chr3  ,"chr3_191386505_._G_A,chr3_191228781_._A_G"   ,      0 ,  00 ,      8 ,      2
chr3  ,"chr3_191386514_._C_T,chr3_191228781_._A_G"   ,      0 ,  00 ,      8 ,      2
chr3  ,"chr3_195686789_._A_G,chr3_195686793_._C_T"   ,      0 ,  00 ,      4 ,      1
chr3  ,"chr3_196655140_._T_C,chr3_196654965_._A_G"   ,      0 ,  10 ,      6 ,      2
chr3  ,"chr3_20386176_._T_C,chr3_20386267_._A_G"     ,      0 ,  01 ,      3 ,      1
chr3  ,"chr3_20386267_._A_G,chr3_20386327_._G_A"     ,      0 ,  10 ,     15 ,      4
chr3  ,"chr3_23242868_._C_T,chr3_23242950_._T_G"     ,      0 ,  10 ,      4 ,      1
chr3  ,"chr3_3129441_._G_A,chr3_158379480_._A_G"     ,      0 ,  00 ,      6 ,      2
chr3  ,"chr3_39407646_._T_C,chr3_121632491_._C_T"    ,      0 ,  00 ,      4 ,      1
chr3  ,"chr3_58427791_._T_G,chr3_58427942_._G_T"     ,      0 ,  01 ,     10 ,      3
chr3  ,"chr3_58427935_._G_A,chr3_58427791_._T_G"     ,      0 ,  00 ,      6 ,      2
chr4  ,"chr4_119451192_._A_C,T,chr4_119451079_._A_G" ,      0 ,  11 ,      3 ,      1
chr4  ,"chr4_119451192_._A_C,T,chr4_119451121_._A_G" ,      0 ,  11 ,     12 ,      4
chr4  ,"chr4_164970204_._T_A,chr4_164970233_._A_G"   ,      0 ,  01 ,      3 ,      1
chr4  ,"chr4_184678664_._A_G,chr4_184678685_._A_G"   ,      0 ,  01 ,      4 ,      1
chr4  ,"chr4_184680345_._A_G,chr4_184680357_._T_G"   ,      0 ,  10 ,      3 ,      1
chr4  ,"chr4_185115434_._G_A,chr4_185115416_._A_G"   ,      0 ,  10 ,      3 ,      1
chr4  ,"chr4_185115434_._G_A,chr4_185239279_._C_G"   ,      0 ,  11 ,      3 ,      1
chr4  ,"chr4_185239308_._T_C,chr4_185115434_._G_A"   ,      0 ,  01 ,      3 ,      1
chr4  ,"chr4_185239343_._C_T,chr4_185115434_._G_A"   ,      0 ,  01 ,      3 ,      1
chr4  ,"chr4_382198_._A_G,chr4_382161_._A_T"         ,      0 ,  10 ,      3 ,      1
chr4  ,"chr4_40235364_._T_C,chr4_40235419_._G_A"     ,      0 ,  01 ,      4 ,      1
chr5  ,"chr5_112908340_._C_T,chr5_112908313_._A_G"   ,      0 ,  01 ,      5 ,      1
chr5  ,"chr5_134620978_._G_A,chr5_138571127_._G_A"   ,      0 ,  01 ,      3 ,      1
chr5  ,"chr5_134620978_._G_A,chr5_150405095_._A_G"   ,      0 ,  00 ,      3 ,      1
chr5  ,"chr5_134620978_._G_A,chr5_150412546_._G_A"   ,      0 ,  00 ,      3 ,      1
chr5  ,"chr5_134620978_._G_A,chr5_151139427_._G_A"   ,      0 ,  01 ,      3 ,      1
chr5  ,"chr5_134620978_._G_A,chr5_178153531_._C_T"   ,      0 ,  01 ,      3 ,      1
chr5  ,"chr5_138571127_._G_A,chr5_150411978_._T_A"   ,      0 ,  11 ,      3 ,      1
chr5  ,"chr5_150405095_._A_G,chr5_150411978_._T_A"   ,      0 ,  01 ,      3 ,      1
chr5  ,"chr5_150412546_._G_A,chr5_150411978_._T_A"   ,      0 ,  01 ,      3 ,      1
chr5  ,"chr5_151139427_._G_A,chr5_150411978_._T_A"   ,      0 ,  11 ,      3 ,      1
chr5  ,"chr5_151148972_._C_T,chr5_151149021_._A_T"   ,      0 ,  10 ,    102 ,     19
chr5  ,"chr5_151148972_._C_T,chr5_151149022_._T_A"   ,      0 ,  10 ,     80 ,     16
chr5  ,"chr5_151149022_._T_A,chr5_151149021_._A_T"   ,      0 ,  10 ,     12 ,      2
chr5  ,"chr5_154966699_._A_G,chr5_1327736_._C_T"     ,      0 ,  00 ,      4 ,      1
chr5  ,"chr5_154966699_._A_G,chr5_150405095_._A_G"   ,      0 ,  00 ,      3 ,      1
chr5  ,"chr5_154966699_._A_G,chr5_157786489_._A_G"   ,      0 ,  00 ,     15 ,      5
chr5  ,"chr5_154966699_._A_G,chr5_160114673_._C_G"   ,      0 ,  00 ,      5 ,      1
chr5  ,"chr5_154966699_._A_G,chr5_172114947_._C_G"   ,      0 ,  01 ,     10 ,      3
chr5  ,"chr5_154966699_._A_G,chr5_178153531_._C_T"   ,      0 ,  01 ,      9 ,      3
chr5  ,"chr5_154966699_._A_G,chr5_43609170_._T_C"    ,      0 ,  01 ,      3 ,      1
chr5  ,"chr5_169854210_._A_G,chr5_169854296_._G_A"   ,      0 ,  10 ,      3 ,      1
chr5  ,"chr5_172115017_._C_T,chr5_154966699_._A_G"   ,      0 ,  10 ,     17 ,      5
chr5  ,"chr5_175508416_._A_G,chr5_175508443_._A_C"   ,      0 ,  10 ,      5 ,      1
chr5  ,"chr5_175508416_._A_G,chr5_175508474_._A_G"   ,      0 ,  10 ,      3 ,      1
chr5  ,"chr5_175528012_._C_T,chr5_175528171_._G_A"   ,      0 ,  00 ,      3 ,      1
chr5  ,"chr5_175528205_._G_C,chr5_175528171_._G_A"   ,      0 ,  10 ,      7 ,      2
chr5  ,"chr5_178131451_._T_C,chr5_154966699_._A_G"   ,      0 ,  10 ,     12 ,      3
chr5  ,"chr5_178153531_._C_T,chr5_150411978_._T_A"   ,      0 ,  11 ,      3 ,      1
chr5  ,"chr5_53988057_._C_G,chr5_53987997_._C_G"     ,      0 ,  01 ,      3 ,      1
chr5  ,"chr5_56849241_._T_C,G,chr5_56849230_._G_T"   ,      0 ,  10 ,      3 ,      1
chr5  ,"chr5_79621780_._A_C,chr5_79621782_._C_A"     ,      0 ,  01 ,     21 ,      7
chr6  ,"chr6_116277690_._A_G,chr6_32660074_._G_A"    ,      0 ,  10 ,      8 ,      1
chr6  ,"chr6_12514737_._C_T,chr6_79201473_._G_A"     ,      0 ,  10 ,    248 ,     28
chr6  ,"chr6_159798305_._G_A,chr6_12514737_._C_T"    ,      0 ,  01 ,     74 ,      8
chr6  ,"chr6_29942781_._T_A,chr6_31271273_._G_T"     ,      0 ,  01 ,     10 ,      1
chr6  ,"chr6_29942781_._T_A,chr6_31271825_._G_A"     ,      0 ,  01 ,     10 ,      1
chr6  ,"chr6_29942781_._T_A,chr6_31271840_._G_T"     ,      0 ,  01 ,      9 ,      1
chr6  ,"chr6_29942781_._T_A,chr6_31354249_._C_A"     ,      0 ,  01 ,     10 ,      1
chr6  ,"chr6_29942781_._T_A,chr6_31354526_._C_G"     ,      0 ,  01 ,     10 ,      1
chr6  ,"chr6_29942781_._T_A,chr6_31355203_._C_T"     ,      0 ,  01 ,     10 ,      1
chr6  ,"chr6_29942781_._T_A,chr6_31356889_._A_C"     ,      0 ,  01 ,     10 ,      1
chr6  ,"chr6_29942785_._A_C,chr6_31271273_._G_T"     ,      0 ,  01 ,     10 ,      1
chr6  ,"chr6_29942785_._A_C,chr6_31271324_._G_C,T"   ,      0 ,  01 ,     10 ,      1
chr6  ,"chr6_29942785_._A_C,chr6_31271825_._G_A"     ,      0 ,  01 ,     10 ,      1
chr6  ,"chr6_29942785_._A_C,chr6_31271840_._G_T"     ,      0 ,  01 ,      9 ,      1
chr6  ,"chr6_29942785_._A_C,chr6_31354249_._C_A"     ,      0 ,  01 ,     10 ,      1
chr6  ,"chr6_29942785_._A_C,chr6_31354526_._C_G"     ,      0 ,  01 ,     10 ,      1
chr6  ,"chr6_29942785_._A_C,chr6_31355134_._C_T"     ,      0 ,  01 ,     10 ,      1
chr6  ,"chr6_29942785_._A_C,chr6_31355203_._C_T"     ,      0 ,  01 ,     10 ,      1
chr6  ,"chr6_29942785_._A_C,chr6_31355219_._C_T"     ,      0 ,  01 ,     10 ,      1
chr6  ,"chr6_29942785_._A_C,chr6_31356889_._A_C"     ,      0 ,  01 ,     10 ,      1
chr6  ,"chr6_29942785_._A_C,chr6_32192179_._T_C"     ,      0 ,  00 ,      9 ,      1
chr6  ,"chr6_29942954_._G_A,chr6_31271273_._G_T"     ,      0 ,  11 ,     11 ,      1
chr6  ,"chr6_29942954_._G_A,chr6_31271840_._G_T"     ,      0 ,  11 ,      9 ,      1
chr6  ,"chr6_29942965_._G_C,chr6_31271273_._G_T"     ,      0 ,  11 ,     11 ,      1
chr6  ,"chr6_29942965_._G_C,chr6_31271825_._G_A"     ,      0 ,  11 ,     14 ,      1
chr6  ,"chr6_29942965_._G_C,chr6_31271840_._G_T"     ,      0 ,  11 ,      9 ,      1
chr6  ,"chr6_29942965_._G_C,chr6_31354249_._C_A"     ,      0 ,  11 ,     27 ,      1
chr6  ,"chr6_29942965_._G_C,chr6_31354526_._C_G"     ,      0 ,  11 ,     41 ,      1
chr6  ,"chr6_29942965_._G_C,chr6_31355134_._C_T"     ,      0 ,  11 ,     41 ,      1
chr6  ,"chr6_29942965_._G_C,chr6_31355203_._C_T"     ,      0 ,  11 ,     27 ,      1
chr6  ,"chr6_29942965_._G_C,chr6_31356889_._A_C"     ,      0 ,  11 ,     41 ,      1
chr6  ,"chr6_29942982_._T_C,chr6_31355219_._C_T"     ,      0 ,  11 ,     22 ,      1
chr6  ,"chr6_29945597_._C_G,chr6_31268945_._C_T"     ,      0 ,  11 ,      8 ,      1
chr6  ,"chr6_29945597_._C_G,chr6_31269077_._T_C"     ,      0 ,  01 ,      9 ,      1
chr6  ,"chr6_29945597_._C_G,chr6_79201573_._G_A"     ,      0 ,  01 ,     12 ,      1
chr6  ,"chr6_29945609_._C_G,chr6_31268945_._C_T"     ,      0 ,  01 ,      8 ,      1
chr6  ,"chr6_30725188_._G_A,chr6_32643004_._C_T"     ,      0 ,  10 ,     16 ,      2
chr6  ,"chr6_30725188_._G_A,chr6_32643009_._C_T"     ,      0 ,  10 ,     19 ,      2
chr6  ,"chr6_30725188_._G_A,chr6_32643018_._G_C"     ,      0 ,  10 ,     28 ,      3
chr6  ,"chr6_30725188_._G_A,chr6_32643116_._C_A"     ,      0 ,  10 ,     22 ,      2
chr6  ,"chr6_30725188_._G_A,chr6_32643120_._C_A"     ,      0 ,  10 ,     22 ,      2
chr6  ,"chr6_30725188_._G_A,chr6_7881698_._T_C"      ,      0 ,  10 ,      8 ,      1
chr6  ,"chr6_31268945_._C_T,chr6_29945597_._C_G"     ,      0 ,  11 ,      8 ,      1
chr6  ,"chr6_31268945_._C_T,chr6_29945609_._C_G"     ,      0 ,  10 ,      8 ,      1
chr6  ,"chr6_31268945_._C_T,chr6_31354068_._T_C"     ,      0 ,  10 ,      8 ,      1
chr6  ,"chr6_31268945_._C_T,chr6_32578889_._G_A"     ,      0 ,  00 ,      8 ,      1
chr6  ,"chr6_31268945_._C_T,chr6_32578893_._C_T"     ,      0 ,  01 ,      9 ,      1
chr6  ,"chr6_31269077_._T_C,chr6_29945609_._C_G"     ,      0 ,  11 ,      8 ,      1
chr6  ,"chr6_31269077_._T_C,chr6_31354138_._A_G"     ,      0 ,  00 ,      9 ,      1
chr6  ,"chr6_31269077_._T_C,chr6_31354139_._A_G"     ,      0 ,  00 ,      9 ,      1
chr6  ,"chr6_31269077_._T_C,chr6_33086596_._C_T"     ,      0 ,  00 ,     11 ,      1
chr6  ,"chr6_31269077_._T_C,chr6_33086609_._C_T"     ,      0 ,  00 ,     10 ,      1
chr6  ,"chr6_31269077_._T_C,chr6_33086627_._A_G"     ,      0 ,  00 ,      8 ,      1
chr6  ,"chr6_31269077_._T_C,chr6_79201573_._G_A"     ,      0 ,  10 ,      8 ,      1
chr6  ,"chr6_31271273_._G_T,chr6_29942886_._G_A"     ,      0 ,  11 ,     11 ,      1
chr6  ,"chr6_31271273_._G_T,chr6_29942982_._T_C"     ,      0 ,  11 ,     11 ,      1
chr6  ,"chr6_31271273_._G_T,chr6_31271331_._T_A"     ,      0 ,  10 ,     11 ,      1
chr6  ,"chr6_31271324_._G_C,T,chr6_29942781_._T_A"   ,      0 ,  10 ,     10 ,      1
chr6  ,"chr6_31271324_._G_C,T,chr6_29942886_._G_A"   ,      0 ,  11 ,     19 ,      1
chr6  ,"chr6_31271324_._G_C,T,chr6_29942954_._G_A"   ,      0 ,  11 ,     19 ,      1
chr6  ,"chr6_31271324_._G_C,T,chr6_29942965_._G_C"   ,      0 ,  11 ,     19 ,      1
chr6  ,"chr6_31271324_._G_C,T,chr6_29942982_._T_C"   ,      0 ,  11 ,     19 ,      1
chr6  ,"chr6_31271324_._G_C,T,chr6_31271331_._T_A"   ,      0 ,  10 ,     19 ,      1
chr6  ,"chr6_31271324_._G_C,T,chr6_31271601_._T_G"   ,      0 ,  10 ,     18 ,      1
chr6  ,"chr6_31271324_._G_C,T,chr6_31271653_._C_T"   ,      0 ,  10 ,     19 ,      1
chr6  ,"chr6_31271324_._G_C,T,chr6_31356366_._G_T"   ,      0 ,  10 ,     12 ,      1
chr6  ,"chr6_31271324_._G_C,T,chr6_31356367_._T_A"   ,      0 ,  10 ,     12 ,      1
chr6  ,"chr6_31271324_._G_C,T,chr6_33069647_._T_C"   ,      0 ,  10 ,     10 ,      1
chr6  ,"chr6_31271324_._G_C,T,chr6_33069783_._G_A"   ,      0 ,  10 ,     18 ,      1
chr6  ,"chr6_31271324_._G_C,T,chr6_33069802_._A_T"   ,      0 ,  10 ,     17 ,      1
chr6  ,"chr6_31271324_._G_C,T,chr6_33069803_._T_G"   ,      0 ,  10 ,     17 ,      1
chr6  ,"chr6_31271324_._G_C,T,chr6_33069849_._C_G"   ,      0 ,  10 ,     12 ,      1
chr6  ,"chr6_31271331_._T_A,chr6_31271273_._G_T"     ,      0 ,  01 ,     11 ,      1
chr6  ,"chr6_31271331_._T_A,chr6_31271825_._G_A"     ,      0 ,  01 ,     14 ,      1
chr6  ,"chr6_31271331_._T_A,chr6_31271840_._G_T"     ,      0 ,  01 ,      9 ,      1
chr6  ,"chr6_31271331_._T_A,chr6_31354249_._C_A"     ,      0 ,  01 ,     20 ,      1
chr6  ,"chr6_31271331_._T_A,chr6_31354526_._C_G"     ,      0 ,  01 ,     20 ,      1
chr6  ,"chr6_31271331_._T_A,chr6_31355203_._C_T"     ,      0 ,  01 ,     20 ,      1
chr6  ,"chr6_31271601_._T_G,chr6_31271273_._G_T"     ,      0 ,  01 ,     11 ,      1
chr6  ,"chr6_31271601_._T_G,chr6_31271825_._G_A"     ,      0 ,  01 ,     14 ,      1
chr6  ,"chr6_31271601_._T_G,chr6_31271840_._G_T"     ,      0 ,  01 ,      9 ,      1
chr6  ,"chr6_31271601_._T_G,chr6_31354249_._C_A"     ,      0 ,  01 ,     18 ,      1
chr6  ,"chr6_31271601_._T_G,chr6_31354526_._C_G"     ,      0 ,  01 ,     18 ,      1
chr6  ,"chr6_31271601_._T_G,chr6_31355134_._C_T"     ,      0 ,  01 ,     18 ,      1
chr6  ,"chr6_31271601_._T_G,chr6_31355203_._C_T"     ,      0 ,  01 ,     18 ,      1
chr6  ,"chr6_31271601_._T_G,chr6_31356889_._A_C"     ,      0 ,  01 ,     18 ,      1
chr6  ,"chr6_31271653_._C_T,chr6_31271273_._G_T"     ,      0 ,  01 ,     11 ,      1
chr6  ,"chr6_31271653_._C_T,chr6_31271825_._G_A"     ,      0 ,  01 ,     14 ,      1
chr6  ,"chr6_31271653_._C_T,chr6_31271840_._G_T"     ,      0 ,  01 ,      9 ,      1
chr6  ,"chr6_31271653_._C_T,chr6_31354249_._C_A"     ,      0 ,  01 ,     24 ,      1
chr6  ,"chr6_31271653_._C_T,chr6_31354526_._C_G"     ,      0 ,  01 ,     24 ,      1
chr6  ,"chr6_31271672_._C_G,chr6_31355219_._C_T"     ,      0 ,  00 ,      8 ,      1
chr6  ,"chr6_31271825_._G_A,chr6_29942886_._G_A"     ,      0 ,  11 ,     14 ,      1
chr6  ,"chr6_31271825_._G_A,chr6_29942954_._G_A"     ,      0 ,  11 ,     14 ,      1
chr6  ,"chr6_31271825_._G_A,chr6_29942982_._T_C"     ,      0 ,  11 ,     14 ,      1
chr6  ,"chr6_31271825_._G_A,chr6_33069783_._G_A"     ,      0 ,  10 ,     14 ,      1
chr6  ,"chr6_31271839_._C_A,chr6_29942781_._T_A"     ,      0 ,  10 ,      9 ,      1
chr6  ,"chr6_31271839_._C_A,chr6_29942785_._A_C"     ,      0 ,  10 ,      9 ,      1
chr6  ,"chr6_31271839_._C_A,chr6_29942886_._G_A"     ,      0 ,  11 ,      9 ,      1
chr6  ,"chr6_31271839_._C_A,chr6_29942954_._G_A"     ,      0 ,  11 ,      9 ,      1
chr6  ,"chr6_31271839_._C_A,chr6_29942965_._G_C"     ,      0 ,  11 ,      9 ,      1
chr6  ,"chr6_31271839_._C_A,chr6_29942982_._T_C"     ,      0 ,  11 ,      9 ,      1
chr6  ,"chr6_31271839_._C_A,chr6_31271331_._T_A"     ,      0 ,  10 ,      9 ,      1
chr6  ,"chr6_31271839_._C_A,chr6_31271601_._T_G"     ,      0 ,  10 ,      9 ,      1
chr6  ,"chr6_31271839_._C_A,chr6_31271653_._C_T"     ,      0 ,  10 ,      9 ,      1
chr6  ,"chr6_31271839_._C_A,chr6_31356366_._G_T"     ,      0 ,  10 ,      9 ,      1
chr6  ,"chr6_31271839_._C_A,chr6_31356367_._T_A"     ,      0 ,  10 ,      9 ,      1
chr6  ,"chr6_31271839_._C_A,chr6_33069642_._G_A"     ,      0 ,  10 ,      9 ,      1
chr6  ,"chr6_31271839_._C_A,chr6_33069647_._T_C"     ,      0 ,  10 ,      9 ,      1
chr6  ,"chr6_31271839_._C_A,chr6_33069780_._C_T"     ,      0 ,  10 ,      9 ,      1
chr6  ,"chr6_31271839_._C_A,chr6_33069783_._G_A"     ,      0 ,  10 ,      9 ,      1
chr6  ,"chr6_31271839_._C_A,chr6_33069802_._A_T"     ,      0 ,  10 ,      9 ,      1
chr6  ,"chr6_31271839_._C_A,chr6_33069803_._T_G"     ,      0 ,  10 ,      9 ,      1
chr6  ,"chr6_31271839_._C_A,chr6_33069849_._C_G"     ,      0 ,  10 ,      9 ,      1
chr6  ,"chr6_31271840_._G_T,chr6_29942886_._G_A"     ,      0 ,  11 ,      9 ,      1
chr6  ,"chr6_31271840_._G_T,chr6_29942982_._T_C"     ,      0 ,  11 ,      9 ,      1
chr6  ,"chr6_31353908_._A_C,chr6_32444762_._A_G"     ,      0 ,  01 ,      8 ,      1
chr6  ,"chr6_31353908_._A_C,chr6_32444789_._T_A"     ,      0 ,  00 ,      8 ,      1
chr6  ,"chr6_31354138_._A_G,chr6_31269077_._T_C"     ,      0 ,  00 ,      9 ,      1
chr6  ,"chr6_31354138_._A_G,chr6_32660074_._G_A"     ,      0 ,  00 ,      9 ,      1
chr6  ,"chr6_31354138_._A_G,chr6_79201573_._G_A"     ,      0 ,  11 ,     12 ,      1
chr6  ,"chr6_31354139_._A_G,chr6_31269077_._T_C"     ,      0 ,  00 ,      9 ,      1
chr6  ,"chr6_31354139_._A_G,chr6_32660053_._C_T"     ,      0 ,  00 ,      8 ,      1
chr6  ,"chr6_31354139_._A_G,chr6_32660056_._A_G"     ,      0 ,  00 ,      8 ,      1
chr6  ,"chr6_31354139_._A_G,chr6_32660067_._G_C"     ,      0 ,  00 ,      9 ,      1
chr6  ,"chr6_31354139_._A_G,chr6_32660073_._T_C"     ,      0 ,  00 ,      9 ,      1
chr6  ,"chr6_31354139_._A_G,chr6_32660074_._G_A"     ,      0 ,  00 ,      9 ,      1
chr6  ,"chr6_31354139_._A_G,chr6_32660075_._G_A"     ,      0 ,  00 ,      9 ,      1
chr6  ,"chr6_31354139_._A_G,chr6_79201573_._G_A"     ,      0 ,  11 ,     12 ,      1
chr6  ,"chr6_31354249_._C_A,chr6_29942886_._G_A"     ,      0 ,  11 ,     27 ,      1
chr6  ,"chr6_31354249_._C_A,chr6_29942954_._G_A"     ,      0 ,  11 ,     27 ,      1
chr6  ,"chr6_31354249_._C_A,chr6_29942982_._T_C"     ,      0 ,  11 ,     27 ,      1
chr6  ,"chr6_31354249_._C_A,chr6_32578889_._G_A"     ,      0 ,  00 ,      9 ,      1
chr6  ,"chr6_31354249_._C_A,chr6_32660007_._C_T"     ,      0 ,  00 ,      8 ,      1
chr6  ,"chr6_31354249_._C_A,chr6_32660018_._A_G"     ,      0 ,  00 ,      8 ,      1
chr6  ,"chr6_31354249_._C_A,chr6_32660053_._C_T"     ,      0 ,  00 ,      9 ,      1
chr6  ,"chr6_31354249_._C_A,chr6_32660056_._A_G"     ,      0 ,  00 ,      9 ,      1
chr6  ,"chr6_31354249_._C_A,chr6_32660073_._T_C"     ,      0 ,  00 ,      8 ,      1
chr6  ,"chr6_31354249_._C_A,chr6_32660074_._G_A"     ,      0 ,  00 ,      8 ,      1
chr6  ,"chr6_31354249_._C_A,chr6_32660075_._G_A"     ,      0 ,  00 ,     16 ,      2
chr6  ,"chr6_31354249_._C_A,chr6_32660105_._C_T"     ,      0 ,  01 ,      8 ,      1
chr6  ,"chr6_31354249_._C_A,chr6_33069647_._T_C"     ,      0 ,  10 ,     10 ,      1
chr6  ,"chr6_31354249_._C_A,chr6_33069783_._G_A"     ,      0 ,  10 ,     18 ,      1
chr6  ,"chr6_31354249_._C_A,chr6_33086627_._A_G"     ,      0 ,  10 ,      8 ,      1
chr6  ,"chr6_31354249_._C_A,chr6_33086637_._T_A"     ,      0 ,  10 ,      8 ,      1
chr6  ,"chr6_31354249_._C_A,chr6_33086680_._A_G"     ,      0 ,  10 ,      8 ,      1
chr6  ,"chr6_31354526_._C_G,chr6_29942886_._G_A"     ,      0 ,  11 ,     36 ,      1
chr6  ,"chr6_31354526_._C_G,chr6_29942954_._G_A"     ,      0 ,  11 ,     41 ,      1
chr6  ,"chr6_31354526_._C_G,chr6_29942982_._T_C"     ,      0 ,  11 ,     37 ,      1
chr6  ,"chr6_31354526_._C_G,chr6_32578889_._G_A"     ,      0 ,  00 ,      8 ,      1
chr6  ,"chr6_31354526_._C_G,chr6_32660074_._G_A"     ,      0 ,  00 ,     10 ,      1
chr6  ,"chr6_31354526_._C_G,chr6_33069647_._T_C"     ,      0 ,  10 ,     10 ,      1
chr6  ,"chr6_31354526_._C_G,chr6_33069783_._G_A"     ,      0 ,  10 ,     18 ,      1
chr6  ,"chr6_31355134_._C_T,chr6_29942781_._T_A"     ,      0 ,  10 ,     10 ,      1
chr6  ,"chr6_31355134_._C_T,chr6_29942886_._G_A"     ,      0 ,  11 ,     36 ,      1
chr6  ,"chr6_31355134_._C_T,chr6_29942954_._G_A"     ,      0 ,  11 ,     41 ,      1
chr6  ,"chr6_31355134_._C_T,chr6_29942982_._T_C"     ,      0 ,  11 ,     37 ,      1
chr6  ,"chr6_31355134_._C_T,chr6_31271331_._T_A"     ,      0 ,  10 ,     20 ,      1
chr6  ,"chr6_31355134_._C_T,chr6_31271653_._C_T"     ,      0 ,  10 ,     24 ,      1
chr6  ,"chr6_31355134_._C_T,chr6_31356366_._G_T"     ,      0 ,  10 ,     12 ,      1
chr6  ,"chr6_31355134_._C_T,chr6_33069647_._T_C"     ,      0 ,  10 ,     10 ,      1
chr6  ,"chr6_31355134_._C_T,chr6_33069783_._G_A"     ,      0 ,  10 ,     18 ,      1
chr6  ,"chr6_31355134_._C_T,chr6_33069802_._A_T"     ,      0 ,  10 ,     17 ,      1
chr6  ,"chr6_31355134_._C_T,chr6_33069803_._T_G"     ,      0 ,  10 ,     17 ,      1
chr6  ,"chr6_31355134_._C_T,chr6_33069849_._C_G"     ,      0 ,  10 ,     12 ,      1
chr6  ,"chr6_31355203_._C_T,chr6_29942886_._G_A"     ,      0 ,  11 ,     27 ,      1
chr6  ,"chr6_31355203_._C_T,chr6_29942954_._G_A"     ,      0 ,  11 ,     27 ,      1
chr6  ,"chr6_31355203_._C_T,chr6_29942982_._T_C"     ,      0 ,  11 ,     27 ,      1
chr6  ,"chr6_31355203_._C_T,chr6_31271653_._C_T"     ,      0 ,  10 ,     24 ,      1
chr6  ,"chr6_31355203_._C_T,chr6_33069647_._T_C"     ,      0 ,  10 ,     10 ,      1
chr6  ,"chr6_31355203_._C_T,chr6_33069783_._G_A"     ,      0 ,  10 ,     18 ,      1
chr6  ,"chr6_31355203_._C_T,chr6_33069802_._A_T"     ,      0 ,  10 ,     17 ,      1
chr6  ,"chr6_31355203_._C_T,chr6_33069849_._C_G"     ,      0 ,  10 ,     12 ,      1
chr6  ,"chr6_31355219_._C_T,chr6_29942781_._T_A"     ,      0 ,  10 ,     10 ,      1
chr6  ,"chr6_31355219_._C_T,chr6_29942886_._G_A"     ,      0 ,  00 ,     30 ,      2
chr6  ,"chr6_31355219_._C_T,chr6_29942954_._G_A"     ,      0 ,  00 ,     30 ,      2
chr6  ,"chr6_31355219_._C_T,chr6_29942965_._G_C"     ,      0 ,  11 ,     22 ,      1
chr6  ,"chr6_31355219_._C_T,chr6_29942982_._T_C"     ,      0 ,  11 ,     22 ,      1
chr6  ,"chr6_31355219_._C_T,chr6_31271331_._T_A"     ,      0 ,  10 ,     20 ,      1
chr6  ,"chr6_31355219_._C_T,chr6_31271601_._T_G"     ,      0 ,  10 ,     18 ,      1
chr6  ,"chr6_31355219_._C_T,chr6_31271653_._C_T"     ,      0 ,  10 ,     22 ,      1
chr6  ,"chr6_31355219_._C_T,chr6_31354526_._C_G"     ,      0 ,  01 ,      9 ,      1
chr6  ,"chr6_31355219_._C_T,chr6_31355134_._C_T"     ,      0 ,  01 ,      9 ,      1
chr6  ,"chr6_31355219_._C_T,chr6_31355203_._C_T"     ,      0 ,  01 ,      9 ,      1
chr6  ,"chr6_31355219_._C_T,chr6_31356366_._G_T"     ,      0 ,  10 ,     12 ,      1
chr6  ,"chr6_31355219_._C_T,chr6_31356367_._T_A"     ,      0 ,  10 ,     12 ,      1
chr6  ,"chr6_31355219_._C_T,chr6_31356889_._A_C"     ,      0 ,  01 ,      8 ,      1
chr6  ,"chr6_31355219_._C_T,chr6_33069647_._T_C"     ,      0 ,  10 ,     10 ,      1
chr6  ,"chr6_31355219_._C_T,chr6_33069783_._G_A"     ,      0 ,  10 ,     18 ,      1
chr6  ,"chr6_31355219_._C_T,chr6_33069802_._A_T"     ,      0 ,  10 ,     17 ,      1
chr6  ,"chr6_31355219_._C_T,chr6_33069803_._T_G"     ,      0 ,  10 ,     17 ,      1
chr6  ,"chr6_31355219_._C_T,chr6_33069849_._C_G"     ,      0 ,  10 ,     12 ,      1
chr6  ,"chr6_31356366_._G_T,chr6_31271273_._G_T"     ,      0 ,  01 ,     11 ,      1
chr6  ,"chr6_31356366_._G_T,chr6_31271825_._G_A"     ,      0 ,  01 ,     12 ,      1
chr6  ,"chr6_31356366_._G_T,chr6_31271840_._G_T"     ,      0 ,  01 ,      9 ,      1
chr6  ,"chr6_31356366_._G_T,chr6_31354249_._C_A"     ,      0 ,  01 ,     12 ,      1
chr6  ,"chr6_31356366_._G_T,chr6_31354526_._C_G"     ,      0 ,  01 ,     12 ,      1
chr6  ,"chr6_31356366_._G_T,chr6_31355203_._C_T"     ,      0 ,  01 ,     12 ,      1
chr6  ,"chr6_31356367_._T_A,chr6_31271273_._G_T"     ,      0 ,  01 ,     11 ,      1
chr6  ,"chr6_31356367_._T_A,chr6_31271825_._G_A"     ,      0 ,  01 ,     12 ,      1
chr6  ,"chr6_31356367_._T_A,chr6_31271840_._G_T"     ,      0 ,  01 ,      9 ,      1
chr6  ,"chr6_31356367_._T_A,chr6_31354249_._C_A"     ,      0 ,  01 ,     12 ,      1
chr6  ,"chr6_31356367_._T_A,chr6_31354526_._C_G"     ,      0 ,  01 ,     12 ,      1
chr6  ,"chr6_31356367_._T_A,chr6_31355134_._C_T"     ,      0 ,  01 ,     12 ,      1
chr6  ,"chr6_31356367_._T_A,chr6_31355203_._C_T"     ,      0 ,  01 ,     12 ,      1
chr6  ,"chr6_31356367_._T_A,chr6_31356889_._A_C"     ,      0 ,  01 ,     12 ,      1
chr6  ,"chr6_31356889_._A_C,chr6_29942886_._G_A"     ,      0 ,  11 ,     36 ,      1
chr6  ,"chr6_31356889_._A_C,chr6_29942954_._G_A"     ,      0 ,  11 ,     41 ,      1
chr6  ,"chr6_31356889_._A_C,chr6_29942982_._T_C"     ,      0 ,  11 ,     37 ,      1
chr6  ,"chr6_31356889_._A_C,chr6_31271331_._T_A"     ,      0 ,  10 ,     20 ,      1
chr6  ,"chr6_31356889_._A_C,chr6_31271653_._C_T"     ,      0 ,  10 ,     24 ,      1
chr6  ,"chr6_31356889_._A_C,chr6_31356366_._G_T"     ,      0 ,  10 ,     12 ,      1
chr6  ,"chr6_31356889_._A_C,chr6_33069647_._T_C"     ,      0 ,  10 ,     10 ,      1
chr6  ,"chr6_31356889_._A_C,chr6_33069783_._G_A"     ,      0 ,  10 ,     18 ,      1
chr6  ,"chr6_31356889_._A_C,chr6_33069802_._A_T"     ,      0 ,  10 ,     17 ,      1
chr6  ,"chr6_31356889_._A_C,chr6_33069803_._T_G"     ,      0 ,  10 ,     17 ,      1
chr6  ,"chr6_31356889_._A_C,chr6_33069849_._C_G"     ,      0 ,  10 ,     12 ,      1
chr6  ,"chr6_31356934_._A_C,chr6_31271273_._G_T"     ,      0 ,  11 ,     11 ,      1
chr6  ,"chr6_31356934_._A_C,chr6_31271324_._G_C,T"   ,      0 ,  11 ,     19 ,      1
chr6  ,"chr6_31356934_._A_C,chr6_31271825_._G_A"     ,      0 ,  11 ,     14 ,      1
chr6  ,"chr6_31356934_._A_C,chr6_31271839_._C_A"     ,      0 ,  11 ,      9 ,      1
chr6  ,"chr6_31356934_._A_C,chr6_31271840_._G_T"     ,      0 ,  11 ,      9 ,      1
chr6  ,"chr6_31356934_._A_C,chr6_31354249_._C_A"     ,      0 ,  11 ,     27 ,      1
chr6  ,"chr6_31356934_._A_C,chr6_31354526_._C_G"     ,      0 ,  11 ,     29 ,      1
chr6  ,"chr6_31356934_._A_C,chr6_31355134_._C_T"     ,      0 ,  11 ,     29 ,      1
chr6  ,"chr6_31356934_._A_C,chr6_31355203_._C_T"     ,      0 ,  11 ,     27 ,      1
chr6  ,"chr6_31356934_._A_C,chr6_31355219_._C_T"     ,      0 ,  11 ,     22 ,      1
chr6  ,"chr6_31356934_._A_C,chr6_31356889_._A_C"     ,      0 ,  11 ,     29 ,      1
chr6  ,"chr6_31356934_._A_C,chr6_32192179_._T_C"     ,      0 ,  10 ,      9 ,      1
chr6  ,"chr6_31669957_._A_T,chr6_12514737_._C_T"     ,      0 ,  11 ,     74 ,      9
chr6  ,"chr6_32192179_._T_C,chr6_29942781_._T_A"     ,      0 ,  00 ,      9 ,      1
chr6  ,"chr6_32192179_._T_C,chr6_29942886_._G_A"     ,      0 ,  01 ,      9 ,      1
chr6  ,"chr6_32192179_._T_C,chr6_29942954_._G_A"     ,      0 ,  01 ,      9 ,      1
chr6  ,"chr6_32192179_._T_C,chr6_29942965_._G_C"     ,      0 ,  01 ,      9 ,      1
chr6  ,"chr6_32192179_._T_C,chr6_29942982_._T_C"     ,      0 ,  01 ,      9 ,      1
chr6  ,"chr6_32192179_._T_C,chr6_31271331_._T_A"     ,      0 ,  00 ,      9 ,      1
chr6  ,"chr6_32192179_._T_C,chr6_31271601_._T_G"     ,      0 ,  00 ,      9 ,      1
chr6  ,"chr6_32192179_._T_C,chr6_31271653_._C_T"     ,      0 ,  00 ,      9 ,      1
chr6  ,"chr6_32192179_._T_C,chr6_31356366_._G_T"     ,      0 ,  00 ,      9 ,      1
chr6  ,"chr6_32192179_._T_C,chr6_31356367_._T_A"     ,      0 ,  00 ,      9 ,      1
chr6  ,"chr6_32192179_._T_C,chr6_33069647_._T_C"     ,      0 ,  00 ,      9 ,      1
chr6  ,"chr6_32192179_._T_C,chr6_33069783_._G_A"     ,      0 ,  00 ,      9 ,      1
chr6  ,"chr6_32192179_._T_C,chr6_33069802_._A_T"     ,      0 ,  00 ,      9 ,      1
chr6  ,"chr6_32192179_._T_C,chr6_33069803_._T_G"     ,      0 ,  00 ,      9 ,      1
chr6  ,"chr6_32192179_._T_C,chr6_33069849_._C_G"     ,      0 ,  00 ,      9 ,      1
chr6  ,"chr6_32444703_._G_A,chr6_33086565_._T_A"     ,      0 ,  10 ,      9 ,      1
chr6  ,"chr6_32444703_._G_A,chr6_33086578_._A_C"     ,      0 ,  10 ,      9 ,      1
chr6  ,"chr6_32444703_._G_A,chr6_33086596_._C_T"     ,      0 ,  10 ,      8 ,      1
chr6  ,"chr6_32444703_._G_A,chr6_33086604_._T_C"     ,      0 ,  10 ,      8 ,      1
chr6  ,"chr6_32444703_._G_A,chr6_33086609_._C_T"     ,      0 ,  10 ,      8 ,      1
chr6  ,"chr6_32444762_._A_G,chr6_32578889_._G_A"     ,      0 ,  00 ,      8 ,      1
chr6  ,"chr6_32444762_._A_G,chr6_32578893_._C_T"     ,      0 ,  01 ,      8 ,      1
chr6  ,"chr6_32444762_._A_G,chr6_79201573_._G_A"     ,      0 ,  11 ,     12 ,      1
chr6  ,"chr6_32444789_._T_A,chr6_32578889_._G_A"     ,      0 ,  10 ,      8 ,      1
chr6  ,"chr6_32444789_._T_A,chr6_32578893_._C_T"     ,      0 ,  11 ,      8 ,      1
chr6  ,"chr6_32444789_._T_A,chr6_33086596_._C_T"     ,      0 ,  00 ,      8 ,      1
chr6  ,"chr6_32444789_._T_A,chr6_33086604_._T_C"     ,      0 ,  00 ,      8 ,      1
chr6  ,"chr6_32444789_._T_A,chr6_33086609_._C_T"     ,      0 ,  00 ,      9 ,      1
chr6  ,"chr6_32444815_._G_A,chr6_31353908_._A_C"     ,      0 ,  00 ,      8 ,      1
chr6  ,"chr6_32444815_._G_A,chr6_79201573_._G_A"     ,      0 ,  01 ,     12 ,      1
chr6  ,"chr6_32578889_._G_A,chr6_33086548_._G_C"     ,      0 ,  00 ,      8 ,      1
chr6  ,"chr6_32578889_._G_A,chr6_33086596_._C_T"     ,      0 ,  00 ,      9 ,      1
chr6  ,"chr6_32578889_._G_A,chr6_33086604_._T_C"     ,      0 ,  00 ,     10 ,      1
chr6  ,"chr6_32578889_._G_A,chr6_33086623_._T_C"     ,      0 ,  00 ,     17 ,      2
chr6  ,"chr6_32578893_._C_T,chr6_32578889_._G_A"     ,      0 ,  00 ,     10 ,      1
chr6  ,"chr6_32578893_._C_T,chr6_33086637_._T_A"     ,      0 ,  10 ,      8 ,      1
chr6  ,"chr6_32643110_._C_T,chr6_30725188_._G_A"     ,      0 ,  11 ,     31 ,      3
chr6  ,"chr6_32643115_._A_G,chr6_30725188_._G_A"     ,      0 ,  01 ,     22 ,      2
chr6  ,"chr6_32643131_._C_T,chr6_30725188_._G_A"     ,      0 ,  01 ,     20 ,      2
chr6  ,"chr6_32643145_._T_C,chr6_30725188_._G_A"     ,      0 ,  01 ,     16 ,      2
chr6  ,"chr6_32659986_._A_T,chr6_31354249_._C_A"     ,      0 ,  10 ,      8 ,      1
chr6  ,"chr6_32660035_._C_G,chr6_31354249_._C_A"     ,      0 ,  00 ,      9 ,      1
chr6  ,"chr6_32660053_._C_T,chr6_31354138_._A_G"     ,      0 ,  00 ,      8 ,      1
chr6  ,"chr6_32660056_._A_G,chr6_31354138_._A_G"     ,      0 ,  00 ,      8 ,      1
chr6  ,"chr6_32660067_._G_C,chr6_116277690_._A_G"    ,      0 ,  01 ,      8 ,      1
chr6  ,"chr6_32660067_._G_C,chr6_31354138_._A_G"     ,      0 ,  00 ,      9 ,      1
chr6  ,"chr6_32660067_._G_C,chr6_31354526_._C_G"     ,      0 ,  00 ,     10 ,      1
chr6  ,"chr6_32660073_._T_C,chr6_116277690_._A_G"    ,      0 ,  01 ,      8 ,      1
chr6  ,"chr6_32660073_._T_C,chr6_31354138_._A_G"     ,      0 ,  00 ,      9 ,      1
chr6  ,"chr6_32660073_._T_C,chr6_31354526_._C_G"     ,      0 ,  00 ,     10 ,      1
chr6  ,"chr6_32660075_._G_A,chr6_116277690_._A_G"    ,      0 ,  01 ,      8 ,      1
chr6  ,"chr6_32660075_._G_A,chr6_31354138_._A_G"     ,      0 ,  00 ,      9 ,      1
chr6  ,"chr6_32660075_._G_A,chr6_31354526_._C_G"     ,      0 ,  00 ,     10 ,      1
chr6  ,"chr6_32660157_._G_A,chr6_32578893_._C_T"     ,      0 ,  00 ,      8 ,      1
chr6  ,"chr6_32857313_._G_A,chr6_31271273_._G_T"     ,      0 ,  11 ,     11 ,      1
chr6  ,"chr6_32857313_._G_A,chr6_31271324_._G_C,T"   ,      0 ,  11 ,     11 ,      1
chr6  ,"chr6_32857313_._G_A,chr6_31271825_._G_A"     ,      0 ,  11 ,     11 ,      1
chr6  ,"chr6_32857313_._G_A,chr6_31271839_._C_A"     ,      0 ,  11 ,      9 ,      1
chr6  ,"chr6_32857313_._G_A,chr6_31271840_._G_T"     ,      0 ,  11 ,      9 ,      1
chr6  ,"chr6_32857313_._G_A,chr6_31354249_._C_A"     ,      0 ,  11 ,     11 ,      1
chr6  ,"chr6_32857313_._G_A,chr6_31354526_._C_G"     ,      0 ,  11 ,     11 ,      1
chr6  ,"chr6_32857313_._G_A,chr6_31355134_._C_T"     ,      0 ,  11 ,     11 ,      1
chr6  ,"chr6_32857313_._G_A,chr6_31355203_._C_T"     ,      0 ,  11 ,     11 ,      1
chr6  ,"chr6_32857313_._G_A,chr6_31355219_._C_T"     ,      0 ,  11 ,     11 ,      1
chr6  ,"chr6_32857313_._G_A,chr6_31356889_._A_C"     ,      0 ,  11 ,     11 ,      1
chr6  ,"chr6_32857313_._G_A,chr6_32192179_._T_C"     ,      0 ,  10 ,      9 ,      1
chr6  ,"chr6_33068658_._T_G,chr6_30725188_._G_A"     ,      0 ,  11 ,      8 ,      1
chr6  ,"chr6_33069642_._G_A,chr6_31271273_._G_T"     ,      0 ,  01 ,     10 ,      1
chr6  ,"chr6_33069642_._G_A,chr6_31271324_._G_C,T"   ,      0 ,  01 ,     10 ,      1
chr6  ,"chr6_33069642_._G_A,chr6_31271825_._G_A"     ,      0 ,  01 ,     10 ,      1
chr6  ,"chr6_33069642_._G_A,chr6_31271840_._G_T"     ,      0 ,  01 ,      9 ,      1
chr6  ,"chr6_33069642_._G_A,chr6_31354249_._C_A"     ,      0 ,  01 ,     10 ,      1
chr6  ,"chr6_33069642_._G_A,chr6_31354526_._C_G"     ,      0 ,  01 ,     10 ,      1
chr6  ,"chr6_33069642_._G_A,chr6_31355134_._C_T"     ,      0 ,  01 ,     10 ,      1
chr6  ,"chr6_33069642_._G_A,chr6_31355203_._C_T"     ,      0 ,  01 ,     10 ,      1
chr6  ,"chr6_33069642_._G_A,chr6_31355219_._C_T"     ,      0 ,  01 ,     10 ,      1
chr6  ,"chr6_33069642_._G_A,chr6_31356889_._A_C"     ,      0 ,  01 ,     10 ,      1
chr6  ,"chr6_33069642_._G_A,chr6_32192179_._T_C"     ,      0 ,  00 ,      9 ,      1
chr6  ,"chr6_33069647_._T_C,chr6_31271273_._G_T"     ,      0 ,  01 ,     10 ,      1
chr6  ,"chr6_33069647_._T_C,chr6_31271825_._G_A"     ,      0 ,  01 ,     10 ,      1
chr6  ,"chr6_33069647_._T_C,chr6_31271840_._G_T"     ,      0 ,  01 ,      9 ,      1
chr6  ,"chr6_33069745_._T_C,chr6_31271273_._G_T"     ,      0 ,  01 ,     11 ,      1
chr6  ,"chr6_33069745_._T_C,chr6_31271324_._G_C,T"   ,      0 ,  01 ,     14 ,      1
chr6  ,"chr6_33069745_._T_C,chr6_31271825_._G_A"     ,      0 ,  01 ,     14 ,      1
chr6  ,"chr6_33069745_._T_C,chr6_31271839_._C_A"     ,      0 ,  01 ,      9 ,      1
chr6  ,"chr6_33069745_._T_C,chr6_31271840_._G_T"     ,      0 ,  01 ,      9 ,      1
chr6  ,"chr6_33069745_._T_C,chr6_31354249_._C_A"     ,      0 ,  01 ,     14 ,      1
chr6  ,"chr6_33069745_._T_C,chr6_31354526_._C_G"     ,      0 ,  01 ,     14 ,      1
chr6  ,"chr6_33069745_._T_C,chr6_31355134_._C_T"     ,      0 ,  01 ,     14 ,      1
chr6  ,"chr6_33069745_._T_C,chr6_31355203_._C_T"     ,      0 ,  01 ,     14 ,      1
chr6  ,"chr6_33069745_._T_C,chr6_31355219_._C_T"     ,      0 ,  01 ,     14 ,      1
chr6  ,"chr6_33069745_._T_C,chr6_31356889_._A_C"     ,      0 ,  01 ,     14 ,      1
chr6  ,"chr6_33069745_._T_C,chr6_32192179_._T_C"     ,      0 ,  00 ,      9 ,      1
chr6  ,"chr6_33069780_._C_T,chr6_31271273_._G_T"     ,      0 ,  01 ,     11 ,      1
chr6  ,"chr6_33069780_._C_T,chr6_31271324_._G_C,T"   ,      0 ,  01 ,     18 ,      1
chr6  ,"chr6_33069780_._C_T,chr6_31271825_._G_A"     ,      0 ,  01 ,     14 ,      1
chr6  ,"chr6_33069780_._C_T,chr6_31271840_._G_T"     ,      0 ,  01 ,      9 ,      1
chr6  ,"chr6_33069780_._C_T,chr6_31354249_._C_A"     ,      0 ,  01 ,     18 ,      1
chr6  ,"chr6_33069780_._C_T,chr6_31354526_._C_G"     ,      0 ,  01 ,     18 ,      1
chr6  ,"chr6_33069780_._C_T,chr6_31355134_._C_T"     ,      0 ,  01 ,     18 ,      1
chr6  ,"chr6_33069780_._C_T,chr6_31355203_._C_T"     ,      0 ,  01 ,     18 ,      1
chr6  ,"chr6_33069780_._C_T,chr6_31355219_._C_T"     ,      0 ,  01 ,     18 ,      1
chr6  ,"chr6_33069780_._C_T,chr6_31356889_._A_C"     ,      0 ,  01 ,     18 ,      1
chr6  ,"chr6_33069780_._C_T,chr6_32192179_._T_C"     ,      0 ,  00 ,      9 ,      1
chr6  ,"chr6_33069783_._G_A,chr6_31271273_._G_T"     ,      0 ,  01 ,     11 ,      1
chr6  ,"chr6_33069783_._G_A,chr6_31271840_._G_T"     ,      0 ,  01 ,      9 ,      1
chr6  ,"chr6_33069802_._A_T,chr6_31271273_._G_T"     ,      0 ,  01 ,     11 ,      1
chr6  ,"chr6_33069802_._A_T,chr6_31271825_._G_A"     ,      0 ,  01 ,     14 ,      1
chr6  ,"chr6_33069802_._A_T,chr6_31271840_._G_T"     ,      0 ,  01 ,      9 ,      1
chr6  ,"chr6_33069802_._A_T,chr6_31354249_._C_A"     ,      0 ,  01 ,     17 ,      1
chr6  ,"chr6_33069802_._A_T,chr6_31354526_._C_G"     ,      0 ,  01 ,     17 ,      1
chr6  ,"chr6_33069803_._T_G,chr6_31271273_._G_T"     ,      0 ,  01 ,     11 ,      1
chr6  ,"chr6_33069803_._T_G,chr6_31271825_._G_A"     ,      0 ,  01 ,     14 ,      1
chr6  ,"chr6_33069803_._T_G,chr6_31271840_._G_T"     ,      0 ,  01 ,      9 ,      1
chr6  ,"chr6_33069803_._T_G,chr6_31354249_._C_A"     ,      0 ,  01 ,     17 ,      1
chr6  ,"chr6_33069803_._T_G,chr6_31354526_._C_G"     ,      0 ,  01 ,     17 ,      1
chr6  ,"chr6_33069803_._T_G,chr6_31355203_._C_T"     ,      0 ,  01 ,     17 ,      1
chr6  ,"chr6_33069849_._C_G,chr6_31271273_._G_T"     ,      0 ,  01 ,     11 ,      1
chr6  ,"chr6_33069849_._C_G,chr6_31271825_._G_A"     ,      0 ,  01 ,     12 ,      1
chr6  ,"chr6_33069849_._C_G,chr6_31271840_._G_T"     ,      0 ,  01 ,      9 ,      1
chr6  ,"chr6_33069849_._C_G,chr6_31354249_._C_A"     ,      0 ,  01 ,     12 ,      1
chr6  ,"chr6_33069849_._C_G,chr6_31354526_._C_G"     ,      0 ,  01 ,     12 ,      1
chr6  ,"chr6_33085173_._T_C,chr6_32578893_._C_T"     ,      0 ,  10 ,      8 ,      1
chr6  ,"chr6_33085181_._C_T,chr6_32578893_._C_T"     ,      0 ,  10 ,      8 ,      1
chr6  ,"chr6_33085209_._T_C,chr6_33086565_._T_A"     ,      0 ,  10 ,      8 ,      1
chr6  ,"chr6_33085209_._T_C,chr6_33086578_._A_C"     ,      0 ,  10 ,      8 ,      1
chr6  ,"chr6_33086548_._G_C,chr6_30725344_._A_G"     ,      0 ,  11 ,      8 ,      1
chr6  ,"chr6_33086548_._G_C,chr6_32578889_._G_A"     ,      0 ,  00 ,      8 ,      1
chr6  ,"chr6_33086554_._T_C,chr6_30725344_._A_G"     ,      0 ,  11 ,      8 ,      1
chr6  ,"chr6_33086554_._T_C,chr6_32578889_._G_A"     ,      0 ,  00 ,      8 ,      1
chr6  ,"chr6_33086565_._T_A,chr6_32444703_._G_A"     ,      0 ,  01 ,      9 ,      1
chr6  ,"chr6_33086565_._T_A,chr6_33085209_._T_C"     ,      0 ,  01 ,      8 ,      1
chr6  ,"chr6_33086576_._G_A,chr6_32444703_._G_A"     ,      0 ,  01 ,      9 ,      1
chr6  ,"chr6_33086576_._G_A,chr6_32578889_._G_A"     ,      0 ,  00 ,      8 ,      1
chr6  ,"chr6_33086578_._A_C,chr6_32444703_._G_A"     ,      0 ,  01 ,      9 ,      1
chr6  ,"chr6_33086578_._A_C,chr6_32578889_._G_A"     ,      0 ,  00 ,      8 ,      1
chr6  ,"chr6_33086578_._A_C,chr6_33085209_._T_C"     ,      0 ,  01 ,      8 ,      1
chr6  ,"chr6_33086596_._C_T,chr6_32578889_._G_A"     ,      0 ,  00 ,      9 ,      1
chr6  ,"chr6_33086604_._T_C,chr6_31269077_._T_C"     ,      0 ,  00 ,     10 ,      1
chr6  ,"chr6_33086604_._T_C,chr6_32444703_._G_A"     ,      0 ,  01 ,      8 ,      1
chr6  ,"chr6_33086604_._T_C,chr6_32444789_._T_A"     ,      0 ,  00 ,      8 ,      1
chr6  ,"chr6_33086604_._T_C,chr6_32578889_._G_A"     ,      0 ,  00 ,     10 ,      1
chr6  ,"chr6_33086609_._C_T,chr6_32578889_._G_A"     ,      0 ,  00 ,      9 ,      1
chr6  ,"chr6_33086623_._T_C,chr6_31269077_._T_C"     ,      0 ,  00 ,      8 ,      1
chr6  ,"chr6_33086623_._T_C,chr6_31354249_._C_A"     ,      0 ,  01 ,      8 ,      1
chr6  ,"chr6_33086623_._T_C,chr6_32578889_._G_A"     ,      0 ,  00 ,     17 ,      2
chr6  ,"chr6_33086627_._A_G,chr6_32578889_._G_A"     ,      0 ,  00 ,     25 ,      3
chr6  ,"chr6_33086633_._A_C,chr6_31354249_._C_A"     ,      0 ,  01 ,      8 ,      1
chr6  ,"chr6_33086633_._A_C,chr6_32578889_._G_A"     ,      0 ,  00 ,     25 ,      3
chr6  ,"chr6_33086633_._A_C,chr6_32578893_._C_T"     ,      0 ,  01 ,      8 ,      1
chr6  ,"chr6_33086636_._T_G,chr6_31354249_._C_A"     ,      0 ,  01 ,      8 ,      1
chr6  ,"chr6_33086636_._T_G,chr6_32578889_._G_A"     ,      0 ,  00 ,     16 ,      2
chr6  ,"chr6_33086636_._T_G,chr6_32578893_._C_T"     ,      0 ,  01 ,      8 ,      1
chr6  ,"chr6_33086637_._T_A,chr6_32578889_._G_A"     ,      0 ,  00 ,     16 ,      2
chr6  ,"chr6_33086680_._A_G,chr6_32578889_._G_A"     ,      0 ,  00 ,      8 ,      1
chr6  ,"chr6_37483138_._T_C,chr6_32578889_._G_A"     ,      0 ,  00 ,      8 ,      1
chr6  ,"chr6_37483138_._T_C,chr6_79201473_._G_A"     ,      0 ,  11 ,     26 ,      3
chr6  ,"chr6_7906424_._T_C,chr6_32578893_._C_T"      ,      0 ,  00 ,     11 ,      1
chr6  ,"chr6_7906425_._A_G,chr6_32578893_._C_T"      ,      0 ,  00 ,     11 ,      1
chr6  ,"chr6_79201573_._G_A,chr6_29945609_._C_G"     ,      0 ,  11 ,      9 ,      1
chr6  ,"chr6_79201573_._G_A,chr6_32444789_._T_A"     ,      0 ,  10 ,     12 ,      1
chr6  ,"chr6_85678170_._G_T,chr6_156976825_._A_G"    ,      0 ,  10 ,      8 ,      1
chr6  ,"chr6_85678170_._G_T,chr6_32180626_._G_C"     ,      0 ,  11 ,     16 ,      2
chr6  ,"chr6_85678170_._G_T,chr6_399218_._T_C"       ,      0 ,  11 ,     34 ,      4
chr8  ,"chr8_97644738_._G_T,chr8_56073255_._T_C"     ,      0 ,  00 ,      9 ,      1
chr9  ,"chr9_129828074_._G_T,chr9_129827880_._T_C"   ,      0 ,  01 ,      3 ,      1
chr9  ,"chr9_129828152_._C_G,chr9_129827880_._T_C"   ,      0 ,  01 ,      3 ,      1
chr9  ,"chr9_129829230_._A_G,chr9_129827880_._T_C"   ,      0 ,  01 ,      3 ,      1
chr9  ,"chr9_129887383_._A_G,chr9_129893436_._T_C"   ,      0 ,  00 ,    200 ,     56
chr9  ,"chr9_129893436_._T_C,chr9_129893267_._C_T"   ,      0 ,  00 ,     18 ,      6
chr9  ,"chr9_137189924_._G_A,chr9_7799653_._G_T"     ,      0 ,  00 ,      4 ,      1
chr9  ,"chr9_137189924_._G_A,chr9_98060802_._T_C"    ,      0 ,  10 ,      6 ,      1
chr9  ,"chr9_137189924_._G_A,chr9_98060853_._G_C"    ,      0 ,  10 ,      6 ,      1
chr9  ,"chr9_137190033_._G_A,chr9_137190301_._A_G"   ,      0 ,  10 ,     19 ,      6
chr9  ,"chr9_137190301_._A_G,chr9_137190033_._G_A"   ,      0 ,  01 ,     19 ,      6
chr9  ,"chr9_137522307_._C_T,chr9_137522321_._A_T"   ,      0 ,  01 ,      3 ,      1
chr9  ,"chr9_137522309_._C_T,chr9_137522321_._A_T"   ,      0 ,  01 ,      3 ,      1
chr9  ,"chr9_19376257_._A_C,chr9_19376260_._G_C"     ,      0 ,  01 ,      3 ,      1
chr9  ,"chr9_33826568_._C_G,chr9_33826515_._G_A"     ,      0 ,  10 ,      7 ,      2
chr9  ,"chr9_342501_._A_G,chr9_342469_._C_T"         ,      0 ,  01 ,      3 ,      1
chr9  ,"chr9_36952414_._C_T,chr9_36952388_._T_C"     ,      0 ,  10 ,      5 ,      1
chr9  ,"chr9_4732208_._C_T,chr9_4732219_._A_G"       ,      0 ,  01 ,      3 ,      1
chr9  ,"chr9_4732208_._C_T,chr9_4732225_._A_G"       ,      0 ,  01 ,      3 ,      1
chr9  ,"chr9_4739690_._G_C,chr9_4739681_._G_C"       ,      0 ,  01 ,      3 ,      1
chr9  ,"chr9_62808974_._A_T,chr9_62809009_._G_T"     ,      0 ,  00 ,      4 ,      1
chr9  ,"chr9_64863381_._G_A,chr9_64863379_._G_A"     ,      0 ,  00 ,      3 ,      1
chr9  ,"chr9_7029299_._T_G,chr9_7029300_._T_G"       ,      0 ,  00 ,      3 ,      1
chr10 ,"chr10_110898221_._A_G,chr10_23119349_._C_T"  ,      0 ,  01 ,      3 ,      1
chr10 ,"chr10_119168032_._T_G,chr10_23119349_._C_T"  ,      0 ,  11 ,      9 ,      3
chr10 ,"chr10_12186299_._C_T,chr10_23119349_._C_T"   ,      0 ,  11 ,      3 ,      1
chr10 ,"chr10_12427953_._A_G,chr10_12428073_._G_A"   ,      0 ,  11 ,      3 ,      1
chr10 ,"chr10_124769804_._G_A,chr10_23119349_._C_T"  ,      0 ,  01 ,     10 ,      3
chr10 ,"chr10_128101314_._T_C,chr10_128102594_._C_T" ,      0 ,  10 ,      3 ,      1
chr10 ,"chr10_14185779_._C_A,chr10_95238063_._A_G"   ,      0 ,  01 ,      7 ,      2
chr10 ,"chr10_23119349_._C_T,chr10_121967362_._A_G"  ,      0 ,  11 ,      4 ,      1
chr10 ,"chr10_26445947_._A_C,chr10_26446062_._G_A"   ,      0 ,  01 ,      3 ,      1
chr10 ,"chr10_26446062_._G_A,chr10_26446058_._C_T"   ,      0 ,  11 ,      3 ,      1
chr10 ,"chr10_27149035_._T_C,chr10_23119349_._C_T"   ,      0 ,  11 ,      3 ,      1
chr10 ,"chr10_27175402_._G_A,chr10_27175441_._T_C"   ,      0 ,  00 ,      3 ,      1
chr10 ,"chr10_27175441_._T_C,chr10_27175402_._G_A"   ,      0 ,  00 ,      3 ,      1
chr10 ,"chr10_5813205_._G_A,chr10_23119349_._C_T"    ,      0 ,  11 ,      3 ,      1
chr10 ,"chr10_70230128_._T_C,chr10_70230069_._C_T"   ,      0 ,  00 ,      3 ,      1
chr10 ,"chr10_74694299_._T_C,chr10_74694391_._A_C"   ,      0 ,  10 ,     12 ,      4
chr10 ,"chr10_74694391_._A_C,chr10_74694299_._T_C"   ,      0 ,  01 ,     12 ,      4
chr10 ,"chr10_95237913_._A_G,chr10_95238063_._A_G"   ,      0 ,  10 ,     18 ,      6
chr10 ,"chr10_95238063_._A_G,chr10_14185809_._A_G"   ,      0 ,  10 ,      7 ,      2
chr11 ,"chr11_674499_._G_A,chr11_674454_._G_T"       ,      0 ,  01 ,     12 ,      1
chr11 ,"chr11_674499_._G_A,chr11_674458_._G_A"       ,      0 ,  01 ,     12 ,      1
chr11 ,"chr11_67585218_._A_G,chr11_67586108_._C_T"   ,      0 ,  01 ,     34 ,      1
chr11 ,"chr11_73760716_._C_A,chr11_8685686_._C_T"    ,      0 ,  01 ,     14 ,      1
chr11 ,"chr11_8685686_._C_T,chr11_73760733_._A_G"    ,      0 ,  10 ,     14 ,      1
chr12 ,"chr12_120199396_._G_A,chr12_92145568_._T_C"  ,      0 ,  00 ,     21 ,      1
chr12 ,"chr12_56714419_._A_G,chr12_6445462_._G_A"    ,      0 ,  11 ,     12 ,      1
chr12 ,"chr12_56714419_._A_G,chr12_92145568_._T_C"   ,      0 ,  10 ,     21 ,      1
chr12 ,"chr12_6445462_._G_A,chr12_120199396_._G_A"   ,      0 ,  10 ,     12 ,      1
chr13 ,"chr13_33687023_._G_A,chr13_27253824_._T_C"   ,      0 ,  00 ,      4 ,      1
chr13 ,"chr13_40988890_._T_C,chr13_40988883_._C_T"   ,      0 ,  00 ,      4 ,      1
chr13 ,"chr13_41262193_._A_T,chr13_41262061_._G_A"   ,      0 ,  11 ,      4 ,      1
chr13 ,"chr13_41262193_._A_T,chr13_41262103_._G_A"   ,      0 ,  11 ,      6 ,      1
chr14 ,"chr14_105741745_._G_T,chr14_106268889_._C_A" ,      0 ,  00 ,     18 ,      1
chr14 ,"chr14_105741745_._G_T,chr14_22575104_._C_T"  ,      0 ,  00 ,     15 ,      2
chr14 ,"chr14_105741749_._A_C,chr14_106268889_._C_A" ,      0 ,  00 ,     18 ,      1
chr14 ,"chr14_105741749_._A_C,chr14_22575104_._C_T"  ,      0 ,  00 ,      7 ,      1
chr14 ,"chr14_106268889_._C_A,chr14_105742782_._T_C" ,      0 ,  00 ,      7 ,      1
chr15 ,"chr15_40036464_._G_A,chr15_75639457_._C_G"   ,      0 ,  01 ,      8 ,      1
chr15 ,"chr15_40036464_._G_A,chr15_79971003_._A_C"   ,      0 ,  00 ,     10 ,      1
chr15 ,"chr15_40036464_._G_A,chr15_79971064_._C_T"   ,      0 ,  00 ,      5 ,      1
chr15 ,"chr15_40036464_._G_A,chr15_82538982_._A_G"   ,      0 ,  00 ,     17 ,      1
chr15 ,"chr15_75639457_._C_G,chr15_64072797_._G_T"   ,      0 ,  00 ,      5 ,      1
chr15 ,"chr15_79970875_._C_T,chr15_79971064_._C_T"   ,      0 ,  10 ,      5 ,      1
chr15 ,"chr15_79970875_._C_T,chr15_82538982_._A_G"   ,      0 ,  10 ,     10 ,      1
chr15 ,"chr15_79971003_._A_C,chr15_40038317_._T_G"   ,      0 ,  01 ,     10 ,      1
chr15 ,"chr15_79971003_._A_C,chr15_79970875_._C_T"   ,      0 ,  01 ,     10 ,      1
chr15 ,"chr15_79971064_._C_T,chr15_40038317_._T_G"   ,      0 ,  01 ,      5 ,      1
chr15 ,"chr15_82538982_._A_G,chr15_40038317_._T_G"   ,      0 ,  01 ,     22 ,      1
chr15 ,"chr15_82538982_._A_G,chr15_43801729_._T_C"   ,      0 ,  11 ,      5 ,      1
chr15 ,"chr15_82538982_._A_G,chr15_79970875_._C_T"   ,      0 ,  01 ,     10 ,      1
chr16 ,"chr16_11553636_._T_C,chr16_88646828_._A_G"   ,      0 ,  00 ,     17 ,      1
chr16 ,"chr16_11553636_._T_C,chr16_89561665_._G_A"   ,      0 ,  00 ,     17 ,      1
chr16 ,"chr16_1964527_._G_A,chr16_89561665_._G_A"    ,      0 ,  00 ,     19 ,      1
chr16 ,"chr16_57363537_._C_T,chr16_88646828_._A_G"   ,      0 ,  10 ,     29 ,      1
chr16 ,"chr16_57363537_._C_T,chr16_89561665_._G_A"   ,      0 ,  10 ,     35 ,      1
chr17 ,"chr17_16434195_._G_A,chr17_16434251_._G_A"   ,      0 ,  10 ,      4 ,      1
chr17 ,"chr17_16441561_._C_T,chr17_16939374_._C_T"   ,      0 ,  10 ,     40 ,      9
chr17 ,"chr17_16441561_._C_T,chr17_39766006_._G_A"   ,      0 ,  10 ,      5 ,      1
chr17 ,"chr17_16441561_._C_T,chr17_81665333_._C_T"   ,      0 ,  10 ,     21 ,      5
chr17 ,"chr17_16441561_._C_T,chr17_82019339_._G_A"   ,      0 ,  11 ,      4 ,      1
chr17 ,"chr17_16441561_._C_T,chr17_82450543_._A_C"   ,      0 ,  11 ,      5 ,      1
chr17 ,"chr17_16939598_._A_G,chr17_16939374_._C_T"   ,      0 ,  10 ,     57 ,     13
chr17 ,"chr17_39766006_._G_A,chr17_39981111_._G_A"   ,      0 ,  01 ,      5 ,      1
chr17 ,"chr17_39981111_._G_A,chr17_82019339_._G_A"   ,      0 ,  11 ,      4 ,      1
chr17 ,"chr17_39981111_._G_A,chr17_82450543_._A_C"   ,      0 ,  11 ,      5 ,      1
chr17 ,"chr17_42470894_._A_G,chr17_42471236_._C_T"   ,      0 ,  10 ,      8 ,      2
chr17 ,"chr17_43246656_._T_G,chr17_43246586_._T_G"   ,      0 ,  00 ,      5 ,      1
chr17 ,"chr17_43322568_._C_G,chr17_43322527_._T_C"   ,      0 ,  10 ,      4 ,      1
chr17 ,"chr17_43322710_._T_C,chr17_43322568_._C_G"   ,      0 ,  01 ,      4 ,      1
chr17 ,"chr17_43359210_._A_G,chr17_43359227_._A_T"   ,      0 ,  01 ,      6 ,      1
chr17 ,"chr17_43360097_._C_T,chr17_43360179_._T_C"   ,      0 ,  01 ,     10 ,      2
chr17 ,"chr17_43360097_._C_T,chr17_43360184_._T_C"   ,      0 ,  01 ,     10 ,      2
chr17 ,"chr17_43360117_._T_C,chr17_43360179_._T_C"   ,      0 ,  01 ,     12 ,      2
chr17 ,"chr17_43360117_._T_C,chr17_43360184_._T_C"   ,      0 ,  01 ,     12 ,      2
chr17 ,"chr17_43360163_._C_T,chr17_43360179_._T_C"   ,      0 ,  01 ,     27 ,      4
chr17 ,"chr17_43360163_._C_T,chr17_43360184_._T_C"   ,      0 ,  01 ,     27 ,      4
chr17 ,"chr17_43360299_._A_G,chr17_43360179_._T_C"   ,      0 ,  01 ,     17 ,      4
chr17 ,"chr17_43360299_._A_G,chr17_43360184_._T_C"   ,      0 ,  01 ,     17 ,      4
chr17 ,"chr17_43360345_._T_C,chr17_7312217_._T_C"    ,      0 ,  00 ,      4 ,      1
chr17 ,"chr17_4672445_._A_G,chr17_81665333_._C_T"    ,      0 ,  10 ,      4 ,      1
chr17 ,"chr17_51260896_._C_T,chr17_16939374_._C_T"   ,      0 ,  00 ,      4 ,      1
chr17 ,"chr17_64129078_._G_A,chr17_16939374_._C_T"   ,      0 ,  10 ,      4 ,      1
chr17 ,"chr17_69528702_._T_A,chr17_69528634_._G_A"   ,      0 ,  10 ,      5 ,      1
chr17 ,"chr17_7312217_._T_C,chr17_39981111_._G_A"    ,      0 ,  00 ,      4 ,      1
chr17 ,"chr17_7312217_._T_C,chr17_43360299_._A_G"    ,      0 ,  00 ,     14 ,      3
chr17 ,"chr17_7312217_._T_C,chr17_81704684_._T_C"    ,      0 ,  00 ,      4 ,      1
chr17 ,"chr17_76563205_._T_C,chr17_81704684_._T_C"   ,      0 ,  11 ,      4 ,      1
chr17 ,"chr17_78170858_._C_G,chr17_39766006_._G_A"   ,      0 ,  00 ,      7 ,      1
chr17 ,"chr17_78170858_._C_G,chr17_82019339_._G_A"   ,      0 ,  01 ,      8 ,      1
chr17 ,"chr17_78170858_._C_G,chr17_82450543_._A_C"   ,      0 ,  01 ,     12 ,      1
chr17 ,"chr17_81510330_._C_T,chr17_16939374_._C_T"   ,      0 ,  00 ,     21 ,      5
chr17 ,"chr17_81510330_._C_T,chr17_39766006_._G_A"   ,      0 ,  00 ,      5 ,      1
chr17 ,"chr17_81510330_._C_T,chr17_7312217_._T_C"    ,      0 ,  10 ,     23 ,      5
chr17 ,"chr17_81510330_._C_T,chr17_81665333_._C_T"   ,      0 ,  00 ,     14 ,      3
chr17 ,"chr17_81510330_._C_T,chr17_82019339_._G_A"   ,      0 ,  01 ,      4 ,      1
chr17 ,"chr17_81510330_._C_T,chr17_82450543_._A_C"   ,      0 ,  01 ,      5 ,      1
chr17 ,"chr17_81665333_._C_T,chr17_81704684_._T_C"   ,      0 ,  01 ,      4 ,      1
chr17 ,"chr17_8498643_._T_C,G,chr17_8498623_._G_A"   ,      0 ,  11 ,      4 ,      1
chr18 ,"chr18_23148259_._G_A,chr18_23148194_._A_T"   ,      0 ,  01 ,      7 ,      2
chr18 ,"chr18_26299170_._T_C,chr18_26299178_._T_A"   ,      0 ,  01 ,      3 ,      1
chr18 ,"chr18_47108533_._C_T,chr18_59359129_._A_G"   ,      0 ,  01 ,      3 ,      1
chr18 ,"chr18_47108533_._C_T,chr18_673016_._C_T"     ,      0 ,  00 ,      3 ,      1
chr20 ,"chr20_15984777_._G_A,chr20_15984638_._C_G"   ,      0 ,  00 ,      4 ,      1
chr20 ,"chr20_2498902_._T_C,chr20_2584369_._G_A"     ,      0 ,  00 ,      3 ,      1
chr20 ,"chr20_2658236_._T_C,chr20_21166176_._A_G"    ,      0 ,  00 ,    786 ,    207
chr20 ,"chr20_2658236_._T_C,chr20_21166199_._T_C"    ,      0 ,  00 ,    795 ,    210
chr20 ,"chr20_32124864_._G_T,chr20_32124933_._C_G"   ,      0 ,  10 ,      3 ,      1
chr20 ,"chr20_32124933_._C_G,chr20_32124864_._G_T"   ,      0 ,  01 ,      3 ,      1
chr20 ,"chr20_38817104_._C_T,chr20_15985439_._T_C"   ,      0 ,  00 ,      4 ,      1
chr20 ,"chr20_59035004_._C_A,chr20_63738996_._T_C"   ,      0 ,  11 ,    128 ,     38
chr20 ,"chr20_62184175_._G_A,chr20_62184172_._C_G"   ,      0 ,  00 ,      4 ,      1
chr21 ,"chr21_14085392_._A_C,chr21_14085374_._T_G"   ,      0 ,  10 ,      3 ,      1
chr21 ,"chr21_14085392_._A_C,chr21_14085412_._T_C"   ,      0 ,  10 ,      3 ,      1
chr21 ,"chr21_14102616_._A_G,chr21_14102584_._T_C"   ,      0 ,  11 ,      6 ,      1
chr21 ,"chr21_14102616_._A_G,chr21_14102609_._C_T"   ,      0 ,  10 ,      6 ,      1
chr21 ,"chr21_14102616_._A_G,chr21_14102610_._G_A"   ,      0 ,  10 ,      6 ,      1
chr21 ,"chr21_14102633_._G_A,chr21_14102616_._A_G"   ,      0 ,  01 ,      6 ,      1
chr21 ,"chr21_44967163_._G_T,chr21_44976744_._G_C"   ,      0 ,  10 ,      4 ,      1
